{
    "avg_prec": 0.9249974999612706,
    "roc_auc": 0.9460213440787918
}