{
    "avg_prec": 0.9381787933311145,
    "roc_auc": 0.9562418562810389
}