{
    "avg_prec": 0.8966753719417505,
    "roc_auc": 0.9272867330993196
}