{
    "avg_prec": 0.9227939889502855,
    "roc_auc": 0.9463331818582286
}