{
    "avg_prec": 0.9202028276794669,
    "roc_auc": 0.9409635439610122
}