{
    "avg_prec": 0.946772835828717,
    "roc_auc": 0.9632622074430321
}