{
    "avg_prec": 0.6703776068332632,
    "roc_auc": 0.966927399600667
}