{
    "avg_prec": 0.5568635649537572,
    "roc_auc": 0.9472574041845239
}