{
    "avg_prec": 0.5204838673030754,
    "roc_auc": 0.9032012604172255
}