{
    "avg_prec": 0.5262519282855344,
    "roc_auc": 0.950116151587405
}