{
    "avg_prec": 0.5525903977371824,
    "roc_auc": 0.9153617182768166
}