{
    "avg_prec": {
        "train": 0.9772271756725741,
        "test": 0.9449556493816984
    },
    "roc_auc": {
        "train": 0.9873675866013153,
        "test": 0.9619097316125981
    }
}
