{
    "avg_prec": {
        "train": 0.957035519466975,
        "test": 0.9014016422240393
    },
    "roc_auc": {
        "train": 0.9774311166774401,
        "test": 0.9319648794149968
    }
}