{
    "avg_prec": {
        "train": 0.9993200926993987,
        "test": 0.9268792615819422
    },
    "roc_auc": {
        "train": 0.999708777741866,
        "test": 0.945093365854111
    }
}
