{
    "avg_prec": {
        "train": 0.9743681430252835,
        "test": 0.9249974999612706
    },
    "roc_auc": {
        "train": 0.9866678562450621,
        "test": 0.9460213440787918
    }
}