{
    "avg_prec": 0.9449556493816984,
    "roc_auc": 0.9619097316125981
}