{
    "avg_prec": 0.9268792615819422,
    "roc_auc": 0.945093365854111
}